asset_id;supplier_id;product_id;product_code;file_name;file_path;file_type;representation_type;view_type;units;scale;status;derived_from;file_hash;source_url;source_page;download_date;source_date;checked_date
ROT-HBSPLATE-SRC-DXF;ROT;;;HBS-PLATE_wd04-rothoblaas.dxf;01_SOURCE/Rothoblaas/HBS PLATE/CAD/HBS-PLATE_wd04-rothoblaas.dxf;DXF;HIGH DETAIL;side;mm;1:1;ACTIVE;;fed59dfeb7d3d32307d99f4285f75818c4c20b80d3e26b13ad0857bbd2493a8b;;https://www.rothoblaas.com/products/fastening/screws/screws-carpentry/hbs-plate;;2024-09-09;2026-08-28
ROT-HBSPL860-SVG-SIDE;ROT;ROT-HBSPL860;HBSPL860;HBSPL860 - 8x60.svg;02_EXTRACTEN/Rothoblaas/HBS PLATE/svg/HBSPL860 - 8x60.svg;SVG;DETAIL;side;mm;1:1;REVIEW REQUIRED;ROT-HBSPLATE-SRC-DXF;3e9974b74212a07b938c54b80e5a006308f3490ee3c30b8fdfd86887b4418718;;;;2024-09-09;2026-08-28
ROT-HBSPL860-DXF-SIDE;ROT;ROT-HBSPL860;HBSPL860;HBSPL860 - 8x60.dxf;02_EXTRACTEN/Rothoblaas/HBS PLATE/dxf/HBSPL860 - 8x60.dxf;DXF;DETAIL;side;mm;1:1;REVIEW REQUIRED;ROT-HBSPLATE-SRC-DXF;511dea8b478a13e5718cf55bbd1438395a62cf4a7f0e453cdf95962712dfaf4a;;;;2024-09-09;2026-08-28
ROT-HBSPL880-SVG-SIDE;ROT;ROT-HBSPL880;HBSPL880;HBSPL880 - 8x80.svg;02_EXTRACTEN/Rothoblaas/HBS PLATE/svg/HBSPL880 - 8x80.svg;SVG;DETAIL;side;mm;1:1;REVIEW REQUIRED;ROT-HBSPLATE-SRC-DXF;089194fd0e6608796bb2331338806e879a6ce42dbcc0e4679c33dd92ed229f00;;;;2024-09-09;2026-08-28
ROT-HBSPL880-DXF-SIDE;ROT;ROT-HBSPL880;HBSPL880;HBSPL880 - 8x80.dxf;02_EXTRACTEN/Rothoblaas/HBS PLATE/dxf/HBSPL880 - 8x80.dxf;DXF;DETAIL;side;mm;1:1;REVIEW REQUIRED;ROT-HBSPLATE-SRC-DXF;d2081abab09fb0d5b12908490e7a4bd710d0146cf5ddb2a846439ceeafe8847b;;;;2024-09-09;2026-08-28
ROT-HBSPL8100-SVG-SIDE;ROT;ROT-HBSPL8100;HBSPL8100;HBSPL8100 - 8x100.svg;02_EXTRACTEN/Rothoblaas/HBS PLATE/svg/HBSPL8100 - 8x100.svg;SVG;DETAIL;side;mm;1:1;REVIEW REQUIRED;ROT-HBSPLATE-SRC-DXF;05bb5d49d97a69b992c9997ed101df1970943b23fd022dbd7a181578c1f97f3e;;;;2024-09-09;2026-08-28
ROT-HBSPL8100-DXF-SIDE;ROT;ROT-HBSPL8100;HBSPL8100;HBSPL8100 - 8x100.dxf;02_EXTRACTEN/Rothoblaas/HBS PLATE/dxf/HBSPL8100 - 8x100.dxf;DXF;DETAIL;side;mm;1:1;REVIEW REQUIRED;ROT-HBSPLATE-SRC-DXF;00745a3fe6ec10f998962d3eacf88abd7bdca54c39fc7933b15764c061707412;;;;2024-09-09;2026-08-28
ROT-HBSPL8120-SVG-SIDE;ROT;ROT-HBSPL8120;HBSPL8120;HBSPL8120 - 8x120.svg;02_EXTRACTEN/Rothoblaas/HBS PLATE/svg/HBSPL8120 - 8x120.svg;SVG;DETAIL;side;mm;1:1;REVIEW REQUIRED;ROT-HBSPLATE-SRC-DXF;dd881e364cd50945f5004c29798e7d7480b62c95b55eefdeafa3ec659261819d;;;;2024-09-09;2026-08-28
ROT-HBSPL8120-DXF-SIDE;ROT;ROT-HBSPL8120;HBSPL8120;HBSPL8120 - 8x120.dxf;02_EXTRACTEN/Rothoblaas/HBS PLATE/dxf/HBSPL8120 - 8x120.dxf;DXF;DETAIL;side;mm;1:1;REVIEW REQUIRED;ROT-HBSPLATE-SRC-DXF;6dcda02e5d31a07cc1e007a25f0f0bfde6596d470ba3ebe48d18a290d79cbba8;;;;2024-09-09;2026-08-28
ROT-HBSPL8140-SVG-SIDE;ROT;ROT-HBSPL8140;HBSPL8140;HBSPL8140 - 8x140.svg;02_EXTRACTEN/Rothoblaas/HBS PLATE/svg/HBSPL8140 - 8x140.svg;SVG;DETAIL;side;mm;1:1;REVIEW REQUIRED;ROT-HBSPLATE-SRC-DXF;a7505d0787182856361329ca9a85492d42644b872f5a529ce6ff63e783145bb8;;;;2024-09-09;2026-08-28
ROT-HBSPL8140-DXF-SIDE;ROT;ROT-HBSPL8140;HBSPL8140;HBSPL8140 - 8x140.dxf;02_EXTRACTEN/Rothoblaas/HBS PLATE/dxf/HBSPL8140 - 8x140.dxf;DXF;DETAIL;side;mm;1:1;REVIEW REQUIRED;ROT-HBSPLATE-SRC-DXF;fa8016c7815cd1fdf8a39916efa3f9035839388f98dfb0c91e797ec264a86e96;;;;2024-09-09;2026-08-28
ROT-HBSPL8160-SVG-SIDE;ROT;ROT-HBSPL8160;HBSPL8160;HBSPL8160 - 8x160.svg;02_EXTRACTEN/Rothoblaas/HBS PLATE/svg/HBSPL8160 - 8x160.svg;SVG;DETAIL;side;mm;1:1;REVIEW REQUIRED;ROT-HBSPLATE-SRC-DXF;9183691d2dc2dc33c8bf5e759d5f30fe2e6406500fa329e5625dcbc42e8579cf;;;;2024-09-09;2026-08-28
ROT-HBSPL8160-DXF-SIDE;ROT;ROT-HBSPL8160;HBSPL8160;HBSPL8160 - 8x160.dxf;02_EXTRACTEN/Rothoblaas/HBS PLATE/dxf/HBSPL8160 - 8x160.dxf;DXF;DETAIL;side;mm;1:1;REVIEW REQUIRED;ROT-HBSPLATE-SRC-DXF;c2b3ae99596d7b13251ab72e93fe0c655591e41b764c6527854d289d1bb4a22e;;;;2024-09-09;2026-08-28
ROT-HBSPL1080-SVG-SIDE;ROT;ROT-HBSPL1080;HBSPL1080;HBSPL1080 - 10x80.svg;02_EXTRACTEN/Rothoblaas/HBS PLATE/svg/HBSPL1080 - 10x80.svg;SVG;DETAIL;side;mm;1:1;REVIEW REQUIRED;ROT-HBSPLATE-SRC-DXF;2ccc0addad642f5f4fd6cca7dcb52f23a88e348c65290bcfcf5ea18f61c2f8c0;;;;2024-09-09;2026-08-28
ROT-HBSPL1080-DXF-SIDE;ROT;ROT-HBSPL1080;HBSPL1080;HBSPL1080 - 10x80.dxf;02_EXTRACTEN/Rothoblaas/HBS PLATE/dxf/HBSPL1080 - 10x80.dxf;DXF;DETAIL;side;mm;1:1;REVIEW REQUIRED;ROT-HBSPLATE-SRC-DXF;faece7639a4fcea176cc7e9acaaa0589ff43e1a88ac5a53a9ebd6a21684a35fe;;;;2024-09-09;2026-08-28
ROT-HBSPL10100-SVG-SIDE;ROT;ROT-HBSPL10100;HBSPL10100;HBSPL10100 - 10x100.svg;02_EXTRACTEN/Rothoblaas/HBS PLATE/svg/HBSPL10100 - 10x100.svg;SVG;DETAIL;side;mm;1:1;REVIEW REQUIRED;ROT-HBSPLATE-SRC-DXF;0fd7489eef75ba19eb515ac880779756a685083a8bd767d1d6ae3dcd767334b4;;;;2024-09-09;2026-08-28
ROT-HBSPL10100-DXF-SIDE;ROT;ROT-HBSPL10100;HBSPL10100;HBSPL10100 - 10x100.dxf;02_EXTRACTEN/Rothoblaas/HBS PLATE/dxf/HBSPL10100 - 10x100.dxf;DXF;DETAIL;side;mm;1:1;REVIEW REQUIRED;ROT-HBSPLATE-SRC-DXF;76eae2591b16fd93c4781d8d4a7c26d262ab7ef3c9bddb43810da223876fc7e8;;;;2024-09-09;2026-08-28
ROT-HBSPL10120-SVG-SIDE;ROT;ROT-HBSPL10120;HBSPL10120;HBSPL10120 - 10x120.svg;02_EXTRACTEN/Rothoblaas/HBS PLATE/svg/HBSPL10120 - 10x120.svg;SVG;DETAIL;side;mm;1:1;REVIEW REQUIRED;ROT-HBSPLATE-SRC-DXF;c2841565ac1c37bda5604e6b8493c9c196e259d0ccb153418b0c02836a9c5f62;;;;2024-09-09;2026-08-28
ROT-HBSPL10120-DXF-SIDE;ROT;ROT-HBSPL10120;HBSPL10120;HBSPL10120 - 10x120.dxf;02_EXTRACTEN/Rothoblaas/HBS PLATE/dxf/HBSPL10120 - 10x120.dxf;DXF;DETAIL;side;mm;1:1;REVIEW REQUIRED;ROT-HBSPLATE-SRC-DXF;49f724b628241bf3997b7d1d5e7eebe7874efb2f354b21b04bb3991317de1463;;;;2024-09-09;2026-08-28
ROT-HBSPL10140-SVG-SIDE;ROT;ROT-HBSPL10140;HBSPL10140;HBSPL10140 - 10x140.svg;02_EXTRACTEN/Rothoblaas/HBS PLATE/svg/HBSPL10140 - 10x140.svg;SVG;DETAIL;side;mm;1:1;REVIEW REQUIRED;ROT-HBSPLATE-SRC-DXF;47e580224caff454525195e789dd27d0711b9d0ade544ef3c99d1c0eb1fd99c4;;;;2024-09-09;2026-08-28
ROT-HBSPL10140-DXF-SIDE;ROT;ROT-HBSPL10140;HBSPL10140;HBSPL10140 - 10x140.dxf;02_EXTRACTEN/Rothoblaas/HBS PLATE/dxf/HBSPL10140 - 10x140.dxf;DXF;DETAIL;side;mm;1:1;REVIEW REQUIRED;ROT-HBSPLATE-SRC-DXF;3ac1defeb055e2d73eda84fc086880a9275911baa65cbf3008b88a7ff43ffbce;;;;2024-09-09;2026-08-28
ROT-HBSPL10160-SVG-SIDE;ROT;ROT-HBSPL10160;HBSPL10160;HBSPL10160 - 10x160.svg;02_EXTRACTEN/Rothoblaas/HBS PLATE/svg/HBSPL10160 - 10x160.svg;SVG;DETAIL;side;mm;1:1;REVIEW REQUIRED;ROT-HBSPLATE-SRC-DXF;f7075faf2c8165078eb5de69f8d3108f9feaf249c3c55fbefcced478124e1be8;;;;2024-09-09;2026-08-28
ROT-HBSPL10160-DXF-SIDE;ROT;ROT-HBSPL10160;HBSPL10160;HBSPL10160 - 10x160.dxf;02_EXTRACTEN/Rothoblaas/HBS PLATE/dxf/HBSPL10160 - 10x160.dxf;DXF;DETAIL;side;mm;1:1;REVIEW REQUIRED;ROT-HBSPLATE-SRC-DXF;1ac218e45b2b73ac3a1fa8cdf19b635d15e6bd27c73bddc380df1e7574da365d;;;;2024-09-09;2026-08-28
ROT-HBSPL10180-SVG-SIDE;ROT;ROT-HBSPL10180;HBSPL10180;HBSPL10180 - 10x180.svg;02_EXTRACTEN/Rothoblaas/HBS PLATE/svg/HBSPL10180 - 10x180.svg;SVG;DETAIL;side;mm;1:1;REVIEW REQUIRED;ROT-HBSPLATE-SRC-DXF;fb95778a229d44520e4bcbe89b6bc3417cb35c2b270974aa092d67bc58ed4966;;;;2024-09-09;2026-08-28
ROT-HBSPL10180-DXF-SIDE;ROT;ROT-HBSPL10180;HBSPL10180;HBSPL10180 - 10x180.dxf;02_EXTRACTEN/Rothoblaas/HBS PLATE/dxf/HBSPL10180 - 10x180.dxf;DXF;DETAIL;side;mm;1:1;REVIEW REQUIRED;ROT-HBSPLATE-SRC-DXF;08230dd20aa3f201cbb7c7e4232aaa6c47a742ed189419055b9df7279ff2b9f4;;;;2024-09-09;2026-08-28
ROT-HBSPL12100-SVG-SIDE;ROT;ROT-HBSPL12100;HBSPL12100;HBSPL12100 - 12x100.svg;02_EXTRACTEN/Rothoblaas/HBS PLATE/svg/HBSPL12100 - 12x100.svg;SVG;DETAIL;side;mm;1:1;REVIEW REQUIRED;ROT-HBSPLATE-SRC-DXF;ee3bd8d87bedf618b93213c9eba8b23d551d25729ca3d48eded70d9e5f6b56fd;;;;2024-09-09;2026-08-28
ROT-HBSPL12100-DXF-SIDE;ROT;ROT-HBSPL12100;HBSPL12100;HBSPL12100 - 12x100.dxf;02_EXTRACTEN/Rothoblaas/HBS PLATE/dxf/HBSPL12100 - 12x100.dxf;DXF;DETAIL;side;mm;1:1;REVIEW REQUIRED;ROT-HBSPLATE-SRC-DXF;fa18a3bf427ae602a2a7bb867438d6095109ebe9e34ab35432ce9a5c7b58628c;;;;2024-09-09;2026-08-28
ROT-HBSPL12120-SVG-SIDE;ROT;ROT-HBSPL12120;HBSPL12120;HBSPL12120 - 12x120.svg;02_EXTRACTEN/Rothoblaas/HBS PLATE/svg/HBSPL12120 - 12x120.svg;SVG;DETAIL;side;mm;1:1;REVIEW REQUIRED;ROT-HBSPLATE-SRC-DXF;731d9e6cd220991c900949338d6a0aaa043e80db63f0de5339fd549b7cb34487;;;;2024-09-09;2026-08-28
ROT-HBSPL12120-DXF-SIDE;ROT;ROT-HBSPL12120;HBSPL12120;HBSPL12120 - 12x120.dxf;02_EXTRACTEN/Rothoblaas/HBS PLATE/dxf/HBSPL12120 - 12x120.dxf;DXF;DETAIL;side;mm;1:1;REVIEW REQUIRED;ROT-HBSPLATE-SRC-DXF;15707c86e133154a1fc7bb20927f2bf14086280d561861a3f27a0f279b4907d9;;;;2024-09-09;2026-08-28
ROT-HBSPL12140-SVG-SIDE;ROT;ROT-HBSPL12140;HBSPL12140;HBSPL12140 - 12x140.svg;02_EXTRACTEN/Rothoblaas/HBS PLATE/svg/HBSPL12140 - 12x140.svg;SVG;DETAIL;side;mm;1:1;REVIEW REQUIRED;ROT-HBSPLATE-SRC-DXF;d0793e63273113afce73452e70cafdb54ad02564d86bc624cf9f07efa2d4e28d;;;;2024-09-09;2026-08-28
ROT-HBSPL12140-DXF-SIDE;ROT;ROT-HBSPL12140;HBSPL12140;HBSPL12140 - 12x140.dxf;02_EXTRACTEN/Rothoblaas/HBS PLATE/dxf/HBSPL12140 - 12x140.dxf;DXF;DETAIL;side;mm;1:1;REVIEW REQUIRED;ROT-HBSPLATE-SRC-DXF;e3bf3ee40e786fe84e96640690d5dcc1d09abd0c90ba168acaae4a102d9f6ada;;;;2024-09-09;2026-08-28
ROT-HBSPL12160-SVG-SIDE;ROT;ROT-HBSPL12160;HBSPL12160;HBSPL12160 - 12x160.svg;02_EXTRACTEN/Rothoblaas/HBS PLATE/svg/HBSPL12160 - 12x160.svg;SVG;DETAIL;side;mm;1:1;REVIEW REQUIRED;ROT-HBSPLATE-SRC-DXF;5c1e5183d78b2d341844f8dfcc506ffbccad8d9f74b6f3de2b3002a3e72f4473;;;;2024-09-09;2026-08-28
ROT-HBSPL12160-DXF-SIDE;ROT;ROT-HBSPL12160;HBSPL12160;HBSPL12160 - 12x160.dxf;02_EXTRACTEN/Rothoblaas/HBS PLATE/dxf/HBSPL12160 - 12x160.dxf;DXF;DETAIL;side;mm;1:1;REVIEW REQUIRED;ROT-HBSPLATE-SRC-DXF;44ac1f1fe3cc2a37f95ab9a433c7514a32b42353eb089a556ea4b37b0861d44b;;;;2024-09-09;2026-08-28
ROT-HBSPL12180-SVG-SIDE;ROT;ROT-HBSPL12180;HBSPL12180;HBSPL12180 - 12x180.svg;02_EXTRACTEN/Rothoblaas/HBS PLATE/svg/HBSPL12180 - 12x180.svg;SVG;DETAIL;side;mm;1:1;REVIEW REQUIRED;ROT-HBSPLATE-SRC-DXF;cdb0b7ed9918ca6fabbb0428e336a15a3df976ea82e7014248a71490b3583c62;;;;2024-09-09;2026-08-28
ROT-HBSPL12180-DXF-SIDE;ROT;ROT-HBSPL12180;HBSPL12180;HBSPL12180 - 12x180.dxf;02_EXTRACTEN/Rothoblaas/HBS PLATE/dxf/HBSPL12180 - 12x180.dxf;DXF;DETAIL;side;mm;1:1;REVIEW REQUIRED;ROT-HBSPLATE-SRC-DXF;26c1247abf637d4a721aa3a197f1af88573b1816940ed6582b7f0e3ae971f80f;;;;2024-09-09;2026-08-28
ROT-HBSPL12200-SVG-SIDE;ROT;ROT-HBSPL12200;HBSPL12200;HBSPL12200 - 12x200.svg;02_EXTRACTEN/Rothoblaas/HBS PLATE/svg/HBSPL12200 - 12x200.svg;SVG;DETAIL;side;mm;1:1;REVIEW REQUIRED;ROT-HBSPLATE-SRC-DXF;14636dc07be7a01bf4809f7b02ba660644dbb6343f77829e67423ee304e319d7;;;;2024-09-09;2026-08-28
ROT-HBSPL12200-DXF-SIDE;ROT;ROT-HBSPL12200;HBSPL12200;HBSPL12200 - 12x200.dxf;02_EXTRACTEN/Rothoblaas/HBS PLATE/dxf/HBSPL12200 - 12x200.dxf;DXF;DETAIL;side;mm;1:1;REVIEW REQUIRED;ROT-HBSPLATE-SRC-DXF;63b10907ea1dcf6612edb5e816fde50463b8f93efc469bcbe15632fa4cac7f88;;;;2024-09-09;2026-08-28
ROT-HBSPL860-RFA-SIDE;ROT;ROT-HBSPL860;HBSPL860;HBSPL860.rfa;02_EXTRACTEN/Rothoblaas/HBS PLATE/rfa/HBSPL860.rfa;RFA;DETAIL;side;mm;1:1;REVIEW REQUIRED;ROT-HBSPL860-DXF-SIDE;3dc844ae3106a769b371c15c3a1d04b64ac7cf1af336bb9b1c55482d5d76095d;;;;2024-09-09;2026-08-28
ROT-HBSPL880-RFA-SIDE;ROT;ROT-HBSPL880;HBSPL880;HBSPL880.rfa;02_EXTRACTEN/Rothoblaas/HBS PLATE/rfa/HBSPL880.rfa;RFA;DETAIL;side;mm;1:1;REVIEW REQUIRED;ROT-HBSPL880-DXF-SIDE;ddc3dbf9d18d20eb0c0fbc7c1a93485ea0480f06c18f255910fba9311bd523e4;;;;2024-09-09;2026-08-28
ROT-HBSPL8100-RFA-SIDE;ROT;ROT-HBSPL8100;HBSPL8100;HBSPL8100.rfa;02_EXTRACTEN/Rothoblaas/HBS PLATE/rfa/HBSPL8100.rfa;RFA;DETAIL;side;mm;1:1;REVIEW REQUIRED;ROT-HBSPL8100-DXF-SIDE;cc6f4c703ec9a2330530f7947d873758cc3e3d5dd0d0bb7f3a7cb3b00e676a40;;;;2024-09-09;2026-08-28
ROT-HBSPL8120-RFA-SIDE;ROT;ROT-HBSPL8120;HBSPL8120;HBSPL8120.rfa;02_EXTRACTEN/Rothoblaas/HBS PLATE/rfa/HBSPL8120.rfa;RFA;DETAIL;side;mm;1:1;REVIEW REQUIRED;ROT-HBSPL8120-DXF-SIDE;760f80b4f9a91f69e779fc428409b918bd3eaf0c9b31ca71ac2f8eab397dddee;;;;2024-09-09;2026-08-28
ROT-HBSPL8140-RFA-SIDE;ROT;ROT-HBSPL8140;HBSPL8140;HBSPL8140.rfa;02_EXTRACTEN/Rothoblaas/HBS PLATE/rfa/HBSPL8140.rfa;RFA;DETAIL;side;mm;1:1;REVIEW REQUIRED;ROT-HBSPL8140-DXF-SIDE;a2aae882cf854c7e864c901298ffe121814f12192d764e896cce1e7ebcbb3b22;;;;2024-09-09;2026-08-28
ROT-HBSPL8160-RFA-SIDE;ROT;ROT-HBSPL8160;HBSPL8160;HBSPL8160.rfa;02_EXTRACTEN/Rothoblaas/HBS PLATE/rfa/HBSPL8160.rfa;RFA;DETAIL;side;mm;1:1;REVIEW REQUIRED;ROT-HBSPL8160-DXF-SIDE;1b190e85f30217b770ceda93f2b58e3e4e394d56bc275d28fd330e212397c0b9;;;;2024-09-09;2026-08-28
ROT-HBSPL1080-RFA-SIDE;ROT;ROT-HBSPL1080;HBSPL1080;HBSPL1080.rfa;02_EXTRACTEN/Rothoblaas/HBS PLATE/rfa/HBSPL1080.rfa;RFA;DETAIL;side;mm;1:1;REVIEW REQUIRED;ROT-HBSPL1080-DXF-SIDE;b7eab67e4d08ab29f4901f1119b7cb8726d04b08c20cacd40049b7951dcfa4cb;;;;2024-09-09;2026-08-28
ROT-HBSPL10100-RFA-SIDE;ROT;ROT-HBSPL10100;HBSPL10100;HBSPL10100.rfa;02_EXTRACTEN/Rothoblaas/HBS PLATE/rfa/HBSPL10100.rfa;RFA;DETAIL;side;mm;1:1;REVIEW REQUIRED;ROT-HBSPL10100-DXF-SIDE;6c1384c56893fe4d3f283f1c3fceebaba3e3ec739bf09e526a84567e0be54cdc;;;;2024-09-09;2026-08-28
ROT-HBSPL10120-RFA-SIDE;ROT;ROT-HBSPL10120;HBSPL10120;HBSPL10120.rfa;02_EXTRACTEN/Rothoblaas/HBS PLATE/rfa/HBSPL10120.rfa;RFA;DETAIL;side;mm;1:1;REVIEW REQUIRED;ROT-HBSPL10120-DXF-SIDE;8e7d7adc15844429c4fb5436dc8516269f76b068224df35c8df0125f98cd8a49;;;;2024-09-09;2026-08-28
ROT-HBSPL10140-RFA-SIDE;ROT;ROT-HBSPL10140;HBSPL10140;HBSPL10140.rfa;02_EXTRACTEN/Rothoblaas/HBS PLATE/rfa/HBSPL10140.rfa;RFA;DETAIL;side;mm;1:1;REVIEW REQUIRED;ROT-HBSPL10140-DXF-SIDE;2a39e1f2846449a6b4e9dbfd3184fe08b9be380d014562fb4c62db017cc64e42;;;;2024-09-09;2026-08-28
ROT-HBSPL10160-RFA-SIDE;ROT;ROT-HBSPL10160;HBSPL10160;HBSPL10160.rfa;02_EXTRACTEN/Rothoblaas/HBS PLATE/rfa/HBSPL10160.rfa;RFA;DETAIL;side;mm;1:1;REVIEW REQUIRED;ROT-HBSPL10160-DXF-SIDE;589f7e62a8da3c826cc56fdba611c27d3ee90485377d037e974a099555af1a41;;;;2024-09-09;2026-08-28
ROT-HBSPL10180-RFA-SIDE;ROT;ROT-HBSPL10180;HBSPL10180;HBSPL10180.rfa;02_EXTRACTEN/Rothoblaas/HBS PLATE/rfa/HBSPL10180.rfa;RFA;DETAIL;side;mm;1:1;REVIEW REQUIRED;ROT-HBSPL10180-DXF-SIDE;5039b503cb4ae5aeff90fa4b43d8d5bbb0fc94a0c166ca5cd92356fea3ed5d70;;;;2024-09-09;2026-08-28
ROT-HBSPL12100-RFA-SIDE;ROT;ROT-HBSPL12100;HBSPL12100;HBSPL12100.rfa;02_EXTRACTEN/Rothoblaas/HBS PLATE/rfa/HBSPL12100.rfa;RFA;DETAIL;side;mm;1:1;REVIEW REQUIRED;ROT-HBSPL12100-DXF-SIDE;5ac1ad8ae22f730ede33dfeb0cfca3ea405ff74f3a27e6c71c1c94b1613369fd;;;;2024-09-09;2026-08-28
ROT-HBSPL12120-RFA-SIDE;ROT;ROT-HBSPL12120;HBSPL12120;HBSPL12120.rfa;02_EXTRACTEN/Rothoblaas/HBS PLATE/rfa/HBSPL12120.rfa;RFA;DETAIL;side;mm;1:1;REVIEW REQUIRED;ROT-HBSPL12120-DXF-SIDE;709cf33a9c48055c1ce59f7f3585925750e6999a47fa0ecfc7d24050a5179c7d;;;;2024-09-09;2026-08-28
ROT-HBSPL12140-RFA-SIDE;ROT;ROT-HBSPL12140;HBSPL12140;HBSPL12140.rfa;02_EXTRACTEN/Rothoblaas/HBS PLATE/rfa/HBSPL12140.rfa;RFA;DETAIL;side;mm;1:1;REVIEW REQUIRED;ROT-HBSPL12140-DXF-SIDE;112274ee1c0f1a7e51a658dc3ec07f12aba528bfd3b7337cedc1f58a636a8f94;;;;2024-09-09;2026-08-28
ROT-HBSPL12160-RFA-SIDE;ROT;ROT-HBSPL12160;HBSPL12160;HBSPL12160.rfa;02_EXTRACTEN/Rothoblaas/HBS PLATE/rfa/HBSPL12160.rfa;RFA;DETAIL;side;mm;1:1;REVIEW REQUIRED;ROT-HBSPL12160-DXF-SIDE;2a86498ada0ac8832a551284da6b665f6edd96c382294e1391a254cd7ba74656;;;;2024-09-09;2026-08-28
ROT-HBSPL12180-RFA-SIDE;ROT;ROT-HBSPL12180;HBSPL12180;HBSPL12180.rfa;02_EXTRACTEN/Rothoblaas/HBS PLATE/rfa/HBSPL12180.rfa;RFA;DETAIL;side;mm;1:1;REVIEW REQUIRED;ROT-HBSPL12180-DXF-SIDE;c794dfda7cd4191e199ed02ef3c2cd404481394a23796c03242385f5f28daaaf;;;;2024-09-09;2026-08-28
ROT-HBSPL12200-RFA-SIDE;ROT;ROT-HBSPL12200;HBSPL12200;HBSPL12200.rfa;02_EXTRACTEN/Rothoblaas/HBS PLATE/rfa/HBSPL12200.rfa;RFA;DETAIL;side;mm;1:1;REVIEW REQUIRED;ROT-HBSPL12200-DXF-SIDE;2cfecc7f1cbf8a8eefd5df442c53c2dff33e805f5f17a8213f9879ba6810f803;;;;2024-09-09;2026-08-28
ROT-HBSPLATE-RFA-FAMILY;ROT;;;NLRS_28_DI_UN_schroef_HBS-PLATE_Rothoblaas_bluetek.rfa;02_EXTRACTEN/Rothoblaas/HBS PLATE/rfa/NLRS_28_DI_UN_schroef_HBS-PLATE_Rothoblaas_bluetek.rfa;RFA;DETAIL;side;mm;1:1;REVIEW REQUIRED;ROT-HBSPLATE-SRC-DXF;dbf1c032b0b90553bb2e5444a9a2d83dc699e326a446c9b457bdabd61422799c;;;;2024-09-09;2026-08-28
ROT-HEAD8-DXF-TOP;ROT;;HBSPL_HEAD_8;HBSPL_HEAD_8.dxf;02_EXTRACTEN/Rothoblaas/HBS PLATE/dxf/HBSPL_HEAD_8.dxf;DXF;DETAIL;top;mm;1:1;REVIEW REQUIRED;ROT-HBSPLATE-SRC-DXF;7a0285a0cc3af209dda14aa1c882cfc6d0c4f4f7b3ceae267711deb0235b2d10;;;;2024-09-09;2026-08-28
ROT-HEAD8-SVG-TOP;ROT;;HBSPL_HEAD_8;HBSPL_HEAD_8.svg;02_EXTRACTEN/Rothoblaas/HBS PLATE/svg/HBSPL_HEAD_8.svg;SVG;DETAIL;top;mm;1:1;REVIEW REQUIRED;ROT-HBSPLATE-SRC-DXF;5b3e4eb461751f98489e46196ccfab0effe7ac6dcbb825e37f9774a40b221184;;;;2024-09-09;2026-08-28
ROT-HEAD8-RFA-TOP;ROT;;HBSPL_HEAD_8;HBSPL_HEAD_8.rfa;02_EXTRACTEN/Rothoblaas/HBS PLATE/rfa/HBSPL_HEAD_8.rfa;RFA;DETAIL;top;mm;1:1;REVIEW REQUIRED;ROT-HEAD8-DXF-TOP;3b1e1ffcc7a12a0eb1125a78ce324ec1df75e72789c24b974d9409b92ceb4bb6;;;;2024-09-09;2026-08-28
ROT-HEAD10-DXF-TOP;ROT;;HBSPL_HEAD_10;HBSPL_HEAD_10.dxf;02_EXTRACTEN/Rothoblaas/HBS PLATE/dxf/HBSPL_HEAD_10.dxf;DXF;DETAIL;top;mm;1:1;REVIEW REQUIRED;ROT-HBSPLATE-SRC-DXF;0efb2e75e6ba19d1ea0112ac1cfffc92f269951a4e66d48f8fc598e52d90a021;;;;2024-09-09;2026-08-28
ROT-HEAD10-SVG-TOP;ROT;;HBSPL_HEAD_10;HBSPL_HEAD_10.svg;02_EXTRACTEN/Rothoblaas/HBS PLATE/svg/HBSPL_HEAD_10.svg;SVG;DETAIL;top;mm;1:1;REVIEW REQUIRED;ROT-HBSPLATE-SRC-DXF;5d735a340ceb585c89861c0a2db3c30f892888b133b99c9fd1b717457e98de83;;;;2024-09-09;2026-08-28
ROT-HEAD10-RFA-TOP;ROT;;HBSPL_HEAD_10;HBSPL_HEAD_10.rfa;02_EXTRACTEN/Rothoblaas/HBS PLATE/rfa/HBSPL_HEAD_10.rfa;RFA;DETAIL;top;mm;1:1;REVIEW REQUIRED;ROT-HEAD10-DXF-TOP;e335834a8228d5c774e0e45b89028d04dbc124ff96911eb2332ea151f732d560;;;;2024-09-09;2026-08-28
ROT-HEAD12-DXF-TOP;ROT;;HBSPL_HEAD_12;HBSPL_HEAD_12.dxf;02_EXTRACTEN/Rothoblaas/HBS PLATE/dxf/HBSPL_HEAD_12.dxf;DXF;DETAIL;top;mm;1:1;REVIEW REQUIRED;ROT-HBSPLATE-SRC-DXF;9269cbea2846edd2412fb4842a4a31006b7b9ba48007ac470266400a0cd4e76d;;;;2024-09-09;2026-08-28
ROT-HEAD12-SVG-TOP;ROT;;HBSPL_HEAD_12;HBSPL_HEAD_12.svg;02_EXTRACTEN/Rothoblaas/HBS PLATE/svg/HBSPL_HEAD_12.svg;SVG;DETAIL;top;mm;1:1;REVIEW REQUIRED;ROT-HBSPLATE-SRC-DXF;5478bb6f2024517d1421d4c9730278d11eb346751c6b07a4f05e27dd56bc209f;;;;2024-09-09;2026-08-28
ROT-HEAD12-RFA-TOP;ROT;;HBSPL_HEAD_12;HBSPL_HEAD_12.rfa;02_EXTRACTEN/Rothoblaas/HBS PLATE/rfa/HBSPL_HEAD_12.rfa;RFA;DETAIL;top;mm;1:1;REVIEW REQUIRED;ROT-HEAD12-DXF-TOP;bb3879d24530398d9b7f205837106eb67fed2f5ad4696f13902b78be2659d738;;;;2024-09-09;2026-08-28
ROT-HBSPLATE-DOC-DATASHEET;ROT;;;hbs-plate-en-technical-data-sheet.pdf;;PDF;DOCUMENTATION;;;;REVIEW REQUIRED;;;https://www.rothoblaas.com/attachments/288976-product-753/hbs-plate-en-technical-data-sheet.pdf;https://www.rothoblaas.com/products/fastening/screws/screws-carpentry/hbs-plate;;;2026-08-28
ROT-HBSPLATE-DOC-PRODUCTPAGE;ROT;;;;;HTML;DOCUMENTATION;;;;ACTIVE;;;https://www.rothoblaas.com/products/fastening/screws/screws-carpentry/hbs-plate;https://www.rothoblaas.com/products/fastening/screws/screws-carpentry/hbs-plate;;;2026-08-28
